{
  "properties": {
    "connectionReferences": {
      "shared_commondataserviceforapps_1": {
        "runtimeSource": "embedded",
        "connection": {
          "connectionReferenceLogicalName": "new_sharedcommondataserviceforapps_c4653"
        },
        "api": {
          "name": "shared_commondataserviceforapps"
        }
      },
      "shared_commondataserviceforapps": {
        "runtimeSource": "embedded",
        "connection": {
          "connectionReferenceLogicalName": "new_sharedcommondataserviceforapps_d04e4"
        },
        "api": {
          "name": "shared_commondataserviceforapps"
        }
      },
      "shared_approvals": {
        "runtimeSource": "embedded",
        "connection": {
          "connectionReferenceLogicalName": "new_sharedapprovals_29e77"
        },
        "api": {
          "name": "shared_approvals"
        }
      },
      "shared_office365": {
        "runtimeSource": "embedded",
        "connection": {
          "connectionReferenceLogicalName": "new_sharedoffice365_eca6d"
        },
        "api": {
          "name": "shared_office365"
        }
      }
    },
    "definition": {
      "$schema": "https://schema.management.azure.com/providers/Microsoft.Logic/schemas/2016-06-01/workflowdefinition.json#",
      "contentVersion": "1.0.0.0",
      "parameters": {
        "$connections": {
          "defaultValue": {},
          "type": "Object"
        },
        "$authentication": {
          "defaultValue": {},
          "type": "SecureObject"
        }
      },
      "triggers": {
        "行が追加、変更、または削除された場合": {
          "metadata": {
            "operationMetadataId": "73cad30e-7aca-4a82-bec1-4d343e97fd42"
          },
          "type": "OpenApiConnectionWebhook",
          "inputs": {
            "host": {
              "connectionName": "shared_commondataserviceforapps",
              "operationId": "SubscribeWebhookTrigger",
              "apiId": "/providers/Microsoft.PowerApps/apis/shared_commondataserviceforapps"
            },
            "parameters": {
              "subscriptionRequest/message": 1,
              "subscriptionRequest/entityname": "ya_remoteworkreport",
              "subscriptionRequest/scope": 4
            },
            "authentication": "@parameters('$authentication')"
          }
        }
      },
      "actions": {
        "条件": {
          "actions": {},
          "runAfter": {},
          "else": {
            "actions": {
              "終了": {
                "runAfter": {},
                "metadata": {
                  "operationMetadataId": "64a8fd95-a947-49bb-aaab-f96f9f8f8fed"
                },
                "type": "Terminate",
                "inputs": {
                  "runStatus": "Succeeded"
                }
              }
            }
          },
          "expression": {
            "equals": [
              "@triggerOutputs()?['body/_createdby_value']",
              "@triggerOutputs()?['body/_modifiedby_value']"
            ]
          },
          "metadata": {
            "operationMetadataId": "4a34c8a7-0a44-498d-b727-374ee60544eb"
          },
          "type": "If"
        },
        "承認ルート": {
          "runAfter": {
            "Requester": [
              "Succeeded"
            ]
          },
          "metadata": {
            "operationMetadataId": "e5e74bf5-4bd5-46c9-914b-164ca9693364"
          },
          "type": "OpenApiConnection",
          "inputs": {
            "host": {
              "connectionName": "shared_commondataserviceforapps_1",
              "operationId": "GetItem",
              "apiId": "/providers/Microsoft.PowerApps/apis/shared_commondataserviceforapps"
            },
            "parameters": {
              "entityName": "ya_approvalroutes",
              "recordId": "@triggerOutputs()?['body/_ya_approvalroute_value']"
            },
            "authentication": "@parameters('$authentication')"
          }
        },
        "Approver1": {
          "runAfter": {
            "ID_で行を取得する_3": [
              "Succeeded"
            ]
          },
          "metadata": {
            "operationMetadataId": "f451818f-91a0-4b83-87d5-48a20545b6d7"
          },
          "type": "Compose",
          "inputs": "@outputs('ID_で行を取得する')?['body/internalemailaddress']"
        },
        "Approver2": {
          "runAfter": {
            "Approver1": [
              "Succeeded"
            ]
          },
          "metadata": {
            "operationMetadataId": "0a55ba45-f6cd-4d3e-8efc-99352629b99e"
          },
          "type": "Compose",
          "inputs": "@outputs('ID_で行を取得する_2')?['body/internalemailaddress']"
        },
        "Approver3": {
          "runAfter": {
            "Approver2": [
              "Succeeded"
            ]
          },
          "metadata": {
            "operationMetadataId": "3307b65c-a0da-46e7-b072-6bd8038ce406"
          },
          "type": "Compose",
          "inputs": "@outputs('ID_で行を取得する_3')?['body/internalemailaddress']"
        },
        "ApprovalTitle": {
          "runAfter": {
            "Approve": [
              "Succeeded"
            ]
          },
          "metadata": {
            "operationMetadataId": "c676a083-580f-4bd2-a3f7-93afb43dcb04"
          },
          "type": "Compose",
          "inputs": "@if(equals(triggerOutputs()?['body/_ya_reporttype_label'], 'Daily'), '日報承認申請', '週報承認申請')",
          "description": "if(equals(triggerOutputs()?['body/_ya_reporttype_label'], 'Daily'), '日報承認申請', '週報承認申請')"
        },
        "ApprovalMessage": {
          "runAfter": {
            "ApprovalTitle": [
              "Succeeded"
            ]
          },
          "metadata": {
            "operationMetadataId": "6899e389-c65c-45e8-bea8-47cfe3e4289a"
          },
          "type": "Compose",
          "inputs": "@{outputs('ApprovalTitle')}が提出されました。"
        },
        "Applicant": {
          "runAfter": {
            "変数を初期化する": [
              "Succeeded"
            ]
          },
          "metadata": {
            "operationMetadataId": "5ccfddf0-abd9-47c8-bb01-7f72498b8aa1"
          },
          "type": "OpenApiConnection",
          "inputs": {
            "host": {
              "connectionName": "shared_commondataserviceforapps",
              "operationId": "GetItem",
              "apiId": "/providers/Microsoft.PowerApps/apis/shared_commondataserviceforapps"
            },
            "parameters": {
              "entityName": "systemusers",
              "recordId": "@triggerOutputs()?['body/_createdby_value']"
            },
            "authentication": "@parameters('$authentication')"
          }
        },
        "変数を初期化する": {
          "runAfter": {
            "ApprovalMessage": [
              "Succeeded"
            ]
          },
          "metadata": {
            "operationMetadataId": "17332621-7a15-4995-a9b0-58af4ec2dcfa"
          },
          "type": "InitializeVariable",
          "inputs": {
            "variables": [
              {
                "name": "ApprovalStatus",
                "type": "string",
                "value": "Requested"
              }
            ]
          }
        },
        "Do_until": {
          "actions": {
            "スイッチ": {
              "runAfter": {},
              "cases": {
                "ケース": {
                  "case": "Requested",
                  "actions": {
                    "開始して承認を待機": {
                      "runAfter": {},
                      "type": "OpenApiConnectionWebhook",
                      "inputs": {
                        "host": {
                          "connectionName": "shared_approvals",
                          "operationId": "StartAndWaitForAnApproval",
                          "apiId": "/providers/Microsoft.PowerApps/apis/shared_approvals"
                        },
                        "parameters": {
                          "approvalType": "Basic",
                          "WebhookApprovalCreationInput/title": "@outputs('ApprovalTitle')",
                          "WebhookApprovalCreationInput/assignedTo": "@{outputs('Approver1')};",
                          "WebhookApprovalCreationInput/details": "@outputs('ApprovalMessage')",
                          "WebhookApprovalCreationInput/requestor": "@{outputs('Requester')};",
                          "WebhookApprovalCreationInput/enableNotifications": true,
                          "WebhookApprovalCreationInput/enableReassignment": true
                        },
                        "authentication": "@parameters('$authentication')"
                      }
                    },
                    "条件_2": {
                      "actions": {
                        "変数の設定": {
                          "runAfter": {},
                          "type": "SetVariable",
                          "inputs": {
                            "name": "ApprovalStatus",
                            "value": "Approved1"
                          }
                        }
                      },
                      "runAfter": {
                        "開始して承認を待機": [
                          "Succeeded"
                        ]
                      },
                      "else": {
                        "actions": {
                          "メールの送信_(V2)": {
                            "runAfter": {},
                            "type": "OpenApiConnection",
                            "inputs": {
                              "host": {
                                "connectionName": "shared_office365",
                                "operationId": "SendEmailV2",
                                "apiId": "/providers/Microsoft.PowerApps/apis/shared_office365"
                              },
                              "parameters": {
                                "emailMessage/To": "@outputs('Requester')",
                                "emailMessage/Subject": "@{outputs('ApprovalTitle')} Rejected",
                                "emailMessage/Body": "<p>申請が却下されました。<br>\n<br>\nID: @{triggerOutputs()?['body/ya_id']}</p>"
                              },
                              "authentication": "@parameters('$authentication')"
                            }
                          },
                          "変数の設定_5": {
                            "runAfter": {
                              "メールの送信_(V2)": [
                                "Succeeded"
                              ]
                            },
                            "type": "SetVariable",
                            "inputs": {
                              "name": "ApprovalStatus",
                              "value": "Rejected"
                            }
                          }
                        }
                      },
                      "expression": {
                        "equals": [
                          "@outputs('開始して承認を待機')?['body/outcome']",
                          "@outputs('Approve')"
                        ]
                      },
                      "type": "If"
                    }
                  }
                },
                "ケース_2": {
                  "case": "Approved1",
                  "actions": {
                    "開始して承認を待機_2": {
                      "runAfter": {},
                      "type": "OpenApiConnectionWebhook",
                      "inputs": {
                        "host": {
                          "connectionName": "shared_approvals",
                          "operationId": "StartAndWaitForAnApproval",
                          "apiId": "/providers/Microsoft.PowerApps/apis/shared_approvals"
                        },
                        "parameters": {
                          "approvalType": "Basic",
                          "WebhookApprovalCreationInput/title": "@outputs('ApprovalTitle')",
                          "WebhookApprovalCreationInput/assignedTo": "@{outputs('Approver2')};",
                          "WebhookApprovalCreationInput/details": "@outputs('ApprovalMessage')",
                          "WebhookApprovalCreationInput/requestor": "@{outputs('Requester')};",
                          "WebhookApprovalCreationInput/enableNotifications": true,
                          "WebhookApprovalCreationInput/enableReassignment": true
                        },
                        "authentication": "@parameters('$authentication')"
                      }
                    },
                    "条件_3": {
                      "actions": {
                        "変数の設定_2": {
                          "runAfter": {},
                          "type": "SetVariable",
                          "inputs": {
                            "name": "ApprovalStatus",
                            "value": "Approved2"
                          }
                        }
                      },
                      "runAfter": {
                        "開始して承認を待機_2": [
                          "Succeeded"
                        ]
                      },
                      "else": {
                        "actions": {
                          "メールの送信_(V2)_2": {
                            "runAfter": {},
                            "type": "OpenApiConnection",
                            "inputs": {
                              "host": {
                                "connectionName": "shared_office365",
                                "operationId": "SendEmailV2",
                                "apiId": "/providers/Microsoft.PowerApps/apis/shared_office365"
                              },
                              "parameters": {
                                "emailMessage/To": "@outputs('Requester')",
                                "emailMessage/Subject": "@{outputs('ApprovalTitle')} Rejected",
                                "emailMessage/Body": "<p>申請が却下されました。<br>\n<br>\nID: @{triggerOutputs()?['body/ya_id']}</p>"
                              },
                              "authentication": "@parameters('$authentication')"
                            }
                          },
                          "変数の設定_6": {
                            "runAfter": {
                              "メールの送信_(V2)_2": [
                                "Succeeded"
                              ]
                            },
                            "type": "SetVariable",
                            "inputs": {
                              "name": "ApprovalStatus",
                              "value": "Rejected"
                            }
                          }
                        }
                      },
                      "expression": {
                        "equals": [
                          "@outputs('開始して承認を待機_2')?['body/outcome']",
                          "@outputs('Approve')"
                        ]
                      },
                      "type": "If"
                    }
                  }
                },
                "ケース_3": {
                  "case": "Approved2",
                  "actions": {
                    "開始して承認を待機_3": {
                      "runAfter": {},
                      "type": "OpenApiConnectionWebhook",
                      "inputs": {
                        "host": {
                          "connectionName": "shared_approvals",
                          "operationId": "StartAndWaitForAnApproval",
                          "apiId": "/providers/Microsoft.PowerApps/apis/shared_approvals"
                        },
                        "parameters": {
                          "approvalType": "Basic",
                          "WebhookApprovalCreationInput/title": "@outputs('ApprovalTitle')",
                          "WebhookApprovalCreationInput/assignedTo": "@{outputs('Approver3')};",
                          "WebhookApprovalCreationInput/details": "@outputs('ApprovalMessage')",
                          "WebhookApprovalCreationInput/requestor": "@{outputs('Requester')};",
                          "WebhookApprovalCreationInput/enableNotifications": true,
                          "WebhookApprovalCreationInput/enableReassignment": true
                        },
                        "authentication": "@parameters('$authentication')"
                      }
                    },
                    "条件_4": {
                      "actions": {
                        "変数の設定_3": {
                          "runAfter": {},
                          "type": "SetVariable",
                          "inputs": {
                            "name": "ApprovalStatus",
                            "value": "Approved3"
                          }
                        }
                      },
                      "runAfter": {
                        "開始して承認を待機_3": [
                          "Succeeded"
                        ]
                      },
                      "else": {
                        "actions": {
                          "メールの送信_(V2)_3": {
                            "runAfter": {},
                            "type": "OpenApiConnection",
                            "inputs": {
                              "host": {
                                "connectionName": "shared_office365",
                                "operationId": "SendEmailV2",
                                "apiId": "/providers/Microsoft.PowerApps/apis/shared_office365"
                              },
                              "parameters": {
                                "emailMessage/To": "@outputs('Requester')",
                                "emailMessage/Subject": "@{outputs('ApprovalTitle')} Rejected",
                                "emailMessage/Body": "<p>申請が却下されました。<br>\n<br>\nID: @{triggerOutputs()?['body/ya_id']}</p>"
                              },
                              "authentication": "@parameters('$authentication')"
                            }
                          },
                          "変数の設定_7": {
                            "runAfter": {
                              "メールの送信_(V2)_3": [
                                "Succeeded"
                              ]
                            },
                            "type": "SetVariable",
                            "inputs": {
                              "name": "ApprovalStatus",
                              "value": "Rejected"
                            }
                          }
                        }
                      },
                      "expression": {
                        "equals": [
                          "@outputs('開始して承認を待機_3')?['body/outcome']",
                          "@outputs('Approve')"
                        ]
                      },
                      "type": "If"
                    }
                  }
                },
                "ケース_4": {
                  "case": "Approved3",
                  "actions": {
                    "メールの送信_(V2)_4": {
                      "runAfter": {},
                      "type": "OpenApiConnection",
                      "inputs": {
                        "host": {
                          "connectionName": "shared_office365",
                          "operationId": "SendEmailV2",
                          "apiId": "/providers/Microsoft.PowerApps/apis/shared_office365"
                        },
                        "parameters": {
                          "emailMessage/To": "@outputs('Requester')",
                          "emailMessage/Subject": "@{outputs('ApprovalTitle')} Approved",
                          "emailMessage/Body": "<p>申請が承認されました。<br>\n<br>\nID: @{triggerOutputs()?['body/ya_id']}</p>"
                        },
                        "authentication": "@parameters('$authentication')"
                      }
                    },
                    "変数の設定_4": {
                      "runAfter": {
                        "メールの送信_(V2)_4": [
                          "Succeeded"
                        ]
                      },
                      "type": "SetVariable",
                      "inputs": {
                        "name": "ApprovalStatus",
                        "value": "Completed"
                      }
                    }
                  }
                }
              },
              "default": {
                "actions": {}
              },
              "expression": "@variables('ApprovalStatus')",
              "metadata": {
                "operationMetadataId": "980e4d07-8991-46f4-817b-fa1893ed11e6"
              },
              "type": "Switch"
            },
            "行を更新する": {
              "runAfter": {
                "スイッチ": [
                  "Succeeded"
                ]
              },
              "metadata": {
                "operationMetadataId": "f3577e5d-7f56-45eb-b729-d497c21a713e"
              },
              "type": "OpenApiConnection",
              "inputs": {
                "host": {
                  "connectionName": "shared_commondataserviceforapps",
                  "operationId": "UpdateRecord",
                  "apiId": "/providers/Microsoft.PowerApps/apis/shared_commondataserviceforapps"
                },
                "parameters": {
                  "entityName": "ya_remoteworkreports",
                  "recordId": "@triggerOutputs()?['body/ya_remoteworkreportid']",
                  "item/ya_approvalstatus": "@variables('ApprovalStatus')"
                },
                "authentication": "@parameters('$authentication')"
              }
            }
          },
          "runAfter": {
            "Approver3": [
              "Succeeded"
            ]
          },
          "expression": "@or(equals(variables('ApprovalStatus'), 'Completed'), equals(variables('ApprovalStatus'), 'Rejected'))",
          "limit": {
            "count": 10,
            "timeout": "PT1H"
          },
          "metadata": {
            "operationMetadataId": "0126fa22-9e40-4bbd-b979-e7b032d23625"
          },
          "type": "Until"
        },
        "Requester": {
          "runAfter": {
            "Applicant": [
              "Succeeded"
            ]
          },
          "metadata": {
            "operationMetadataId": "53c6ccdd-0927-4238-80c4-1c616d2addba"
          },
          "type": "Compose",
          "inputs": "@outputs('Applicant')?['body/internalemailaddress']"
        },
        "ID_で行を取得する": {
          "runAfter": {
            "承認ルート": [
              "Succeeded"
            ]
          },
          "metadata": {
            "operationMetadataId": "53227946-71aa-4950-9ff5-a73b45c0ceca"
          },
          "type": "OpenApiConnection",
          "inputs": {
            "host": {
              "connectionName": "shared_commondataserviceforapps",
              "operationId": "GetItem",
              "apiId": "/providers/Microsoft.PowerApps/apis/shared_commondataserviceforapps"
            },
            "parameters": {
              "entityName": "systemusers",
              "recordId": "@outputs('承認ルート')?['body/_ya_approver1_value']"
            },
            "authentication": "@parameters('$authentication')"
          }
        },
        "ID_で行を取得する_2": {
          "runAfter": {
            "ID_で行を取得する": [
              "Succeeded"
            ]
          },
          "metadata": {
            "operationMetadataId": "7a9bab81-d4a3-4eb6-86c3-e5bb8792333d"
          },
          "type": "OpenApiConnection",
          "inputs": {
            "host": {
              "connectionName": "shared_commondataserviceforapps",
              "operationId": "GetItem",
              "apiId": "/providers/Microsoft.PowerApps/apis/shared_commondataserviceforapps"
            },
            "parameters": {
              "entityName": "systemusers",
              "recordId": "@outputs('承認ルート')?['body/_ya_approver2_value']"
            },
            "authentication": "@parameters('$authentication')"
          }
        },
        "ID_で行を取得する_3": {
          "runAfter": {
            "ID_で行を取得する_2": [
              "Succeeded"
            ]
          },
          "metadata": {
            "operationMetadataId": "1ba7c97f-c4b9-4928-a8ed-e7f29705e63e"
          },
          "type": "OpenApiConnection",
          "inputs": {
            "host": {
              "connectionName": "shared_commondataserviceforapps",
              "operationId": "GetItem",
              "apiId": "/providers/Microsoft.PowerApps/apis/shared_commondataserviceforapps"
            },
            "parameters": {
              "entityName": "systemusers",
              "recordId": "@outputs('承認ルート')?['body/_ya_approver3_value']"
            },
            "authentication": "@parameters('$authentication')"
          }
        },
        "Approve": {
          "runAfter": {
            "条件": [
              "Succeeded"
            ]
          },
          "metadata": {
            "operationMetadataId": "b91a58d2-3829-4b8a-8a68-b11aa7e4285e"
          },
          "type": "Compose",
          "inputs": "Approve"
        }
      },
      "outputs": {}
    }
  },
  "schemaVersion": "1.0.0.0"
}