{
  "properties": {
    "connectionReferences": {
      "shared_commondataserviceforapps": {
        "runtimeSource": "embedded",
        "connection": {
          "connectionReferenceLogicalName": "new_sharedcommondataserviceforapps_d04e4"
        },
        "api": {
          "name": "shared_commondataserviceforapps"
        }
      }
    },
    "definition": {
      "$schema": "https://schema.management.azure.com/providers/Microsoft.Logic/schemas/2016-06-01/workflowdefinition.json#",
      "contentVersion": "1.0.0.0",
      "parameters": {
        "$connections": {
          "defaultValue": {},
          "type": "Object"
        },
        "$authentication": {
          "defaultValue": {},
          "type": "SecureObject"
        }
      },
      "triggers": {
        "行が追加、変更、または削除された場合": {
          "metadata": {
            "operationMetadataId": "73cad30e-7aca-4a82-bec1-4d343e97fd42"
          },
          "type": "OpenApiConnectionWebhook",
          "inputs": {
            "host": {
              "connectionName": "shared_commondataserviceforapps",
              "operationId": "SubscribeWebhookTrigger",
              "apiId": "/providers/Microsoft.PowerApps/apis/shared_commondataserviceforapps"
            },
            "parameters": {
              "subscriptionRequest/message": 4,
              "subscriptionRequest/entityname": "ya_remoteworkreport",
              "subscriptionRequest/scope": 4
            },
            "authentication": "@parameters('$authentication')"
          }
        }
      },
      "actions": {
        "条件": {
          "actions": {},
          "runAfter": {},
          "else": {
            "actions": {
              "終了": {
                "runAfter": {},
                "metadata": {
                  "operationMetadataId": "64a8fd95-a947-49bb-aaab-f96f9f8f8fed"
                },
                "type": "Terminate",
                "inputs": {
                  "runStatus": "Succeeded"
                }
              }
            }
          },
          "expression": {
            "equals": [
              "@triggerOutputs()?['body/_createdby_value']",
              "@triggerOutputs()?['body/_modifiedby_value']"
            ]
          },
          "metadata": {
            "operationMetadataId": "4a34c8a7-0a44-498d-b727-374ee60544eb"
          },
          "type": "If"
        },
        "作成_ApprovalRoute": {
          "runAfter": {
            "作成_ApprovalStatus": [
              "Succeeded"
            ]
          },
          "metadata": {
            "operationMetadataId": "c0b1f25a-06af-40d5-b056-73cd87fb3dcf"
          },
          "type": "Compose",
          "inputs": "@triggerOutputs()?['body/_ya_approvalroute_value']"
        },
        "ID_で行を取得する_ApprovalRoutes": {
          "runAfter": {
            "作成_ApprovalRoute": [
              "Succeeded"
            ]
          },
          "metadata": {
            "operationMetadataId": "e5e74bf5-4bd5-46c9-914b-164ca9693364"
          },
          "type": "OpenApiConnection",
          "inputs": {
            "host": {
              "connectionName": "shared_commondataserviceforapps",
              "operationId": "GetItem",
              "apiId": "/providers/Microsoft.PowerApps/apis/shared_commondataserviceforapps"
            },
            "parameters": {
              "entityName": "ya_approvalroutes",
              "recordId": "@triggerOutputs()?['body/_ya_approvalroute_value']"
            },
            "authentication": "@parameters('$authentication')"
          }
        },
        "作成_ApprovalStatus": {
          "runAfter": {
            "条件": [
              "Succeeded"
            ]
          },
          "metadata": {
            "operationMetadataId": "4afda599-2c06-495a-a292-c43bc4538914"
          },
          "type": "Compose",
          "inputs": "@triggerOutputs()?['body/ya_approvalstatus']"
        }
      },
      "outputs": {}
    }
  },
  "schemaVersion": "1.0.0.0"
}